id,submittedDate,customerId
59414841-484d-4e76-b6e1-39e917c5dd65,2022-11-20T13:31:20Z,8d1bc873-f2cb-4914-be2d-fade5fbab0db
9269e4eb-5d73-4043-a5d9-030675ca7d41,,1c03d14d-1141-4bca-93ba-d5850362f646
d92d798b-fb84-448d-a43b-744dc8d23b0d,2023-04-12T06:28:35Z,7a6b46f9-2ac6-4579-b348-fa4f9895cb33
bb6fec69-0cd6-42c0-9a36-89148a80872f,2022-09-22T02:05:35Z,2413b4c5-2a6d-48c1-a3bc-a42f73caf8b6
add89815-277d-4c9d-8b0e-576da0ad1f03,2022-05-03T22:40:39Z,23541622-09de-4ae0-8689-0a86fb77c752
51e7852d-ec25-4c9e-81f2-83847fd05095,2022-07-07T17:17:33Z,2bfa4231-058e-40e2-96fb-95a3abf5ea47
be265766-a94a-4e02-a19b-1444799a8eac,2022-12-06T11:53:15Z,a1dfaeac-9717-43a3-af7e-4a334c605c98
a117db43-cdc8-4fdf-816f-2c504516d378,2022-09-04T05:14:30Z,da93e212-48b9-40cf-9b69-77b0d86f2c49
5c6b3220-bb4d-4f40-9433-66a6d2070e9c,2022-12-16T01:04:53Z,30719b92-9845-49fc-841d-a55623d4f0ca
8a1925d5-4f27-46b4-9dd4-76bfefc685d0,2023-02-06T08:07:06Z,ee0eb64e-d7d0-436b-8e63-33366ae9cd02
e3544576-d4a8-499d-b39d-8bc68bbff493,2023-04-23T11:12:11Z,8d1bc873-f2cb-4914-be2d-fade5fbab0db
eb777787-624c-4521-85a5-598814238b0d,2022-05-20T06:29:38Z,1c03d14d-1141-4bca-93ba-d5850362f646
245de0e1-ad12-4bfe-9f46-3f0aa7e71438,2022-12-28T04:30:39Z,7a6b46f9-2ac6-4579-b348-fa4f9895cb33
525c52e1-9ddf-4242-9721-e7e256c615f3,2023-02-27T02:49:16Z,2413b4c5-2a6d-48c1-a3bc-a42f73caf8b6
1734f7f9-9827-4a40-89c0-2e1a65b472bf,2022-07-06T20:10:13Z,23541622-09de-4ae0-8689-0a86fb77c752
5d306419-2775-44aa-991b-7582bfbd1b9d,2022-12-26T10:45:36Z,2bfa4231-058e-40e2-96fb-95a3abf5ea47
6d97873e-003f-42d8-89e0-5763c16d524f,2023-02-06T19:19:43Z,8d1bc873-f2cb-4914-be2d-fade5fbab0db
d33824f6-e634-4458-9056-97455b53a101,2023-04-06T04:56:00Z,1c03d14d-1141-4bca-93ba-d5850362f646
14ef90c2-61d0-4ccf-bc7d-66b97c4a6ae5,2022-08-23T07:06:56Z,7a6b46f9-2ac6-4579-b348-fa4f9895cb33
11bad8a7-013d-45ef-bc06-c77bb05ad79e,2022-12-02T14:57:35Z,8d1bc873-f2cb-4914-be2d-fade5fbab0db
